{"train_loss": 0.6102037456300523, "_timestamp": 1716559790.1534839, "val_loss": 1.6494329848954843, "Val MSELoss()": 1.6494332551956177, "Train MSELoss()": 0.610203742980957, "Val PerCS()": 0.9032863590188377, "Train PerCS()": 0.9210391951195978, "Val MSEeff()": 11.300463676452637, "Train MSEeff()": 4.108883857727051, "_runtime": 3660.347811937332, "_step": 42, "_wandb": {"runtime": 3659}}