{"train_loss": 0.00015883655453632984, "_timestamp": 1716895487.7010899, "val_loss": 0.00018555775851953428, "Val MSELoss()": 0.00018555772840045393, "Train MSELoss()": 0.00015883649757597595, "Val PerCS()": 0.8736230477762207, "Train PerCS()": 0.8756303859796238, "Val MSEeff()": 0.007464772555977106, "Train MSEeff()": 0.006075706332921982, "_runtime": 767.1244797706604, "_step": 10, "_wandb": {"runtime": 766}}