{"train_loss": 0.1581222145803391, "_timestamp": 1715022560.7582717, "val_loss": 0.8157609926406727, "Val MSELoss()": 1.8924943208694458, "Train MSELoss()": 0.4913763701915741, "Val PerCS()": 0.9000188940871282, "Train PerCS()": 0.9267551305823261, "_runtime": 8138.546642780304, "_step": 46}