{"train_loss": 0.5843850139587644, "_timestamp": 1716723282.6955957, "val_loss": 1.6465714546137078, "Val MSELoss()": 1.6465715169906616, "Train MSELoss()": 0.5843846797943115, "Val PerCS()": 0.8983494056991737, "Train PerCS()": 0.9223949537135466, "Val MSEeff()": 10.826375961303711, "Train MSEeff()": 3.9375953674316406, "_runtime": 3234.226309776306, "_step": 40, "_wandb": {"runtime": 3233}}