{"train_loss": 0.00012947357726737945, "_timestamp": 1717023547.8265924, "val_loss": 0.000184501092346266, "Val MSELoss()": 0.0001845011138357222, "Train MSELoss()": 0.0001294735848205164, "Val PerCS()": 0.8850971389494509, "Train PerCS()": 0.8864511610489111, "Val MSEeff()": 0.00761056412011385, "Train MSEeff()": 0.0046773627400398254, "Val SSIMMetric()": 0.883329451084137, "Train SSIMMetric()": 0.8878886699676514, "_runtime": 3473.528091430664, "_step": 47, "_wandb": {"runtime": 3472}}