{"train_loss": 0.7745397683173891, "_timestamp": 1716598664.545999, "val_loss": 1.8335410009982973, "Val MSELoss()": 1.6686230897903442, "Train MSELoss()": 0.7415823936462402, "Val PerCS()": 0.8961984853367824, "Train PerCS()": 0.9159742090557292, "Val MSEeff()": 10.903594970703125, "Train MSEeff()": 5.014708995819092, "_runtime": 3542.6039609909058, "_step": 31, "_wandb": {"runtime": 3542}}