{"train_loss": 0.4547367875538175, "_timestamp": 1715853879.7551994, "val_loss": 1.6330820412136788, "Val MSELoss()": 1.6330820322036743, "Train MSELoss()": 0.4547368288040161, "Val PerCS()": 0.9032043930171998, "Train PerCS()": 0.928925048028471, "_runtime": 4446.827910423279, "_step": 41, "_wandb": {"runtime": 4446}}