{"train_loss": 1.2113839179970498, "_timestamp": 1714387795.0786583, "val_loss": 1.8173196258999051, "Val MSELoss()": 1.817319631576538, "Train MSELoss()": 1.2113842964172363, "Val PerCS()": 0.8850327403096655, "Train PerCS()": 0.8996488642278919, "_runtime": 1264.8160483837128, "_step": 14, "_wandb": {"runtime": 1264}}