{"train_loss": 0.6585294525323117, "_timestamp": 1714422274.4514196, "val_loss": 2.0261630459693865, "Val MSELoss()": 2.0261619091033936, "Train MSELoss()": 0.6585292816162109, "Val PerCS()": 0.8916442121222317, "Train PerCS()": 0.9203108239410482, "_runtime": 8909.535642623901, "_step": 24, "_wandb": {"runtime": 8909}}