{"train_loss": 0.7368291181231302, "_timestamp": 1716474006.8727431, "val_loss": 1.7318960594576458, "Val MSELoss()": 1.731896162033081, "Train MSELoss()": 0.7368293404579163, "Val PerCS()": 0.8990486626609219, "Train PerCS()": 0.9162624598450493, "Val MSEeff()": 11.694208145141602, "Train MSEeff()": 4.979065895080566, "_runtime": 2268.9112100601196, "_step": 27, "_wandb": {"runtime": 2268}}