{"train_loss": 0.49020529266387697, "_timestamp": 1716533452.9249809, "val_loss": 1.62690717189811, "Val MSELoss()": 1.6269071102142334, "Train MSELoss()": 0.49020540714263916, "Val PerCS()": 0.8976697502826223, "Train PerCS()": 0.9264409402360484, "Val MSEeff()": 10.584863662719727, "Train MSEeff()": 3.279691696166992, "_runtime": 4895.4096257686615, "_step": 61, "_wandb": {"runtime": 4894}}