{"train_loss": 0.00011651913124036843, "_timestamp": 1717027997.573281, "val_loss": 0.00018984998661285635, "Val MSELoss()": 0.0001898500049719587, "Train MSELoss()": 0.00011651915701804683, "Val PerCS()": 0.8862343890590395, "Train PerCS()": 0.8946797827203795, "Val MSEeff()": 0.007281990256160498, "Train MSEeff()": 0.004200364463031292, "Val SSIMMetric()": 0.8837534189224243, "Train SSIMMetric()": 0.907155454158783, "_runtime": 4307.302587032318, "_step": 53, "_wandb": {"runtime": 4306}}