{"train_loss": 4.443993399498082e-05, "_timestamp": 1716929919.4694455, "val_loss": 0.00015862890502957758, "Val MSELoss()": 0.00015862889995332807, "Train MSELoss()": 4.443993384484202e-05, "Val PerCS()": 0.900064563434385, "Train PerCS()": 0.9274210765758846, "Val MSEeff()": 0.00628420477733016, "Train MSEeff()": 0.0011773458682000637, "Val SSIMmetric()": 0.9068947434425354, "Train SSIMmetric()": 0.9581763744354248, "_runtime": 4476.779450416565, "_step": 63, "_wandb": {"runtime": 4479}}