{"train_loss": 0.9804931129728045, "_timestamp": 1716303181.133357, "val_loss": 2.0411109550054682, "Val MSELoss()": 2.0411109924316406, "Train MSELoss()": 0.9804930090904236, "Val PerCS()": 0.8844942449863299, "Train PerCS()": 0.9061624624531536, "_runtime": 1711.4934711456299, "_step": 21, "_wandb": {"runtime": 1710}}