{"_wandb": {"runtime": 183}, "train_loss": 2.064530022939046, "_timestamp": 1715029393.8132863, "val_loss": 2.2976718600406203, "Val MSELoss()": 2.2976715564727783, "Train MSELoss()": 2.064530372619629, "Val PerCS()": 0.8602166948568428, "Train PerCS()": 0.8491142351761307, "_runtime": 184.06941628456116, "_step": 0}