{"train_loss": 1.7918303545783547, "_timestamp": 1714379983.7511826, "val_loss": 5.839216058904475, "Val MSELoss()": 2.0734500885009766, "Train MSELoss()": 0.9377008676528931, "Val PerCS()": 0.8795149281599478, "Train PerCS()": 0.8938647985235765, "_runtime": 2362.9095964431763, "_step": 29, "_wandb": {"runtime": 2362}}