{"train_loss": 0.4582037700292392, "_timestamp": 1716731749.747856, "val_loss": 1.626401078133356, "Val MSELoss()": 1.6264010667800903, "Train MSELoss()": 0.45820388197898865, "Val PerCS()": 0.9041927969104309, "Train PerCS()": 0.9283710956379412, "Val MSEeff()": 10.771973609924316, "Train MSEeff()": 3.065044403076172, "_runtime": 3192.991096019745, "_step": 68, "_wandb": {"runtime": 3192}}