{"train_loss": 0.43852508319325223, "_timestamp": 1714402198.8055222, "val_loss": 1.5845664406931677, "Val MSELoss()": 1.5845664739608765, "Train MSELoss()": 0.43852499127388, "Val PerCS()": 0.8999002934734336, "Train PerCS()": 0.9309785152194501, "_runtime": 6101.972159147263, "_step": 49, "_wandb": {"runtime": 6098}}