{"train_loss": 0.025355492319379534, "_timestamp": 1717019240.4532318, "val_loss": 0.08260356756143791, "Val MSELoss()": 0.00017381840734742582, "Train MSELoss()": 6.426277104765177e-05, "Val PerCS()": 0.9078961918388359, "Train PerCS()": 0.9365944222017514, "Val MSEeff()": 0.006573894061148167, "Train MSEeff()": 0.0013707540929317474, "Val SSIMMetric()": 0.9173964262008667, "Train SSIMMetric()": 0.9746447205543518, "_runtime": 7569.500217914581, "_step": 65, "_wandb": {"runtime": 7569}}