{"train_loss": 1.1997835276618836, "_timestamp": 1716483405.8911595, "val_loss": 1.839328638342924, "Val MSELoss()": 1.839328646659851, "Train MSELoss()": 1.199783444404602, "Val PerCS()": 0.8815746962166038, "Train PerCS()": 0.8986485349348075, "Val MSEeff()": 11.909807205200195, "Train MSEeff()": 8.09732723236084, "_runtime": 1176.4206445217133, "_step": 10, "_wandb": {"runtime": 1242}}