{"train_loss": 1763656.074127907, "_timestamp": 1711556043.0271785, "val_loss": 1150199.482142857, "_runtime": 591.2353096008301, "_step": 1, "_wandb": {"runtime": 590}}