{"train_loss": 0.49621181885401405, "_timestamp": 1716578964.3353202, "val_loss": 1.619920646035394, "Val MSELoss()": 1.6199207305908203, "Train MSELoss()": 0.4962120056152344, "Val PerCS()": 0.9011640749368425, "Train PerCS()": 0.9263770786092211, "Val MSEeff()": 10.786909103393555, "Train MSEeff()": 3.326738119125366, "_runtime": 6487.085291147232, "_step": 58, "_wandb": {"runtime": 6486}}