{"train_loss": 1.0873048661247133, "_timestamp": 1716543914.5841863, "val_loss": 1.8098944231521252, "Val MSELoss()": 1.8098946809768677, "Train MSELoss()": 1.0873051881790161, "Val PerCS()": 0.8929242837820692, "Train PerCS()": 0.9011454064409324, "Val MSEeff()": 12.102757453918457, "Train MSEeff()": 7.3418450355529785, "_runtime": 2073.2454373836517, "_step": 30, "_wandb": {"runtime": 2072}}