{"train_loss": 0.10069597429699367, "_timestamp": 1716925177.9560003, "val_loss": 0.10205987927525542, "Val MSELoss()": 0.000856261292938143, "Train MSELoss()": 0.0012097209692001343, "Val PerCS()": 0.8856789443536016, "Train PerCS()": 0.8803772941468255, "Val MSEeff()": 0.009726854972541332, "Train MSEeff()": 0.008194994181394577, "_runtime": 983.0948014259338, "_step": 13, "_wandb": {"runtime": 1004}}