{"train_loss": 0.6026692198168847, "_timestamp": 1714984933.9054825, "val_loss": 1.1891086182811044, "Val MSELoss()": 2.0140905380249023, "Train MSELoss()": 1.135802149772644, "Val PerCS()": 0.8850104481970934, "Train PerCS()": 0.9039146289453434, "_runtime": 1535.715387582779, "_step": 13, "_wandb": {"runtime": 1584}}