{"train_loss": 0.7198020815849304, "_timestamp": 1714382574.2817569, "val_loss": 2.004708403890783, "Val MSELoss()": 2.0047085285186768, "Train MSELoss()": 0.7198022603988647, "Val PerCS()": 0.8836055606990665, "Train PerCS()": 0.9201864575582834, "_runtime": 2403.1898908615112, "_step": 29, "_wandb": {"runtime": 2402}}