{"train_loss": 1.9270291411599447, "_timestamp": 1714395977.6986313, "val_loss": 2.233411475669506, "Val MSELoss()": 2.2334113121032715, "Train MSELoss()": 1.9270291328430176, "Val PerCS()": 0.838465468476029, "Train PerCS()": 0.8639948757955977, "_runtime": 234.02030229568481, "_step": 1, "_wandb": {"runtime": 260}}