{"train_loss": 1.312335304986863, "_timestamp": 1716744740.655948, "val_loss": 1.8683748314546984, "Val MSELoss()": 1.8683748245239258, "Train MSELoss()": 1.3123353719711304, "Val PerCS()": 0.8918880379565222, "Train PerCS()": 0.8947930629861897, "Val MSEeff()": 12.453031539916992, "Train MSEeff()": 8.850247383117676, "_runtime": 4654.430271863937, "_step": 52, "_wandb": {"runtime": 4720}}