{"train_loss": 0.7835391133550613, "_timestamp": 1716541290.9571207, "val_loss": 1.7122659101042637, "Val MSELoss()": 1.7122657299041748, "Train MSELoss()": 0.7835390567779541, "Val PerCS()": 0.8965306977320967, "Train PerCS()": 0.9134530034525389, "Val MSEeff()": 11.381834983825684, "Train MSEeff()": 5.292975902557373, "_runtime": 2963.4294335842133, "_step": 39, "_wandb": {"runtime": 2962}}