{"train_loss": 4.059874501387914e-05, "_timestamp": 1716903397.2974143, "val_loss": 0.00015813893189133945, "Val MSELoss()": 0.00015813893696758896, "Train MSELoss()": 4.0598744817543775e-05, "Val PerCS()": 0.9005423229354124, "Train PerCS()": 0.9301543013038545, "Val MSEeff()": 0.006272049620747566, "Train MSEeff()": 0.0010464312508702278, "_runtime": 4239.6873252391815, "_step": 61, "_wandb": {"runtime": 4238}}