{"train_loss": 0.7503824249292032, "_timestamp": 1716734299.4312932, "val_loss": 1.668696129322052, "Val MSELoss()": 1.6686962842941284, "Train MSELoss()": 0.7503824830055237, "Val PerCS()": 0.8991802639431421, "Train PerCS()": 0.9157952699517639, "Val MSEeff()": 11.0317964553833, "Train MSEeff()": 5.074678897857666, "_runtime": 1662.1271572113037, "_step": 39, "_wandb": {"runtime": 1661}}