{"train_loss": 0.7716488312272465, "_timestamp": 1714728943.7599897, "val_loss": 2.0096591250462965, "Val MSELoss()": 2.0096592903137207, "Train MSELoss()": 0.7716488242149353, "Val PerCS()": 0.8759721808275276, "Train PerCS()": 0.917277286077191, "_runtime": 5218.4278836250305, "_step": 23, "_wandb": {"runtime": 5433}}