{"train_loss": 1.9567817774685947, "_timestamp": 1714737466.1502197, "val_loss": 2.337474915114316, "Val MSELoss()": 2.337474822998047, "Train MSELoss()": 1.9567817449569702, "Val PerCS()": 0.7850982533904891, "Train PerCS()": 0.863023119843306, "_runtime": 678.2506847381592, "_step": 1, "_wandb": {"runtime": 828}}