{"train_loss": 0.07763295689987582, "_timestamp": 1711619327.1339042, "val_loss": 0.0758153565582775, "_runtime": 112.9984221458435, "_step": 1, "_wandb": {"runtime": 112}}