{"train_loss": 0.22484190993644626, "_timestamp": 1714723711.3714297, "val_loss": 1.9568338373845273, "Val MSELoss()": 1.9568336009979248, "Train MSELoss()": 0.2248419225215912, "Val PerCS()": 0.8867744566902277, "Train PerCS()": 0.9493024599028885, "_runtime": 33401.61205172539, "_step": 94}