{"train_loss": 3.308773184327283e-05, "_timestamp": 1716918357.5917404, "val_loss": 0.00016094457659651093, "Val MSELoss()": 0.00016094457532744855, "Train MSELoss()": 3.3087733754655346e-05, "Val PerCS()": 0.8992076154211076, "Train PerCS()": 0.9346451786009545, "Val MSEeff()": 0.0064114476554095745, "Train MSEeff()": 0.0007543162209913135, "_runtime": 6305.087326288223, "_step": 91, "_wandb": {"runtime": 6304}}