{"train_loss": 0.004781475772752481, "_timestamp": 1714385369.8825476, "val_loss": 0.015024112452837553, "Val MSELoss()": 3.9059906005859375, "Train MSELoss()": 2.7540359497070312, "Val PerCS()": 0.6787568019410061, "Train PerCS()": 0.6730339499080882, "_runtime": 2533.493849515915, "_step": 29, "_wandb": {"runtime": 2532}}