{"train_loss": 1.0013684264795726, "_timestamp": 1714389768.1187723, "val_loss": 1.7693597452585088, "Val MSELoss()": 1.769359827041626, "Train MSELoss()": 1.0013679265975952, "Val PerCS()": 0.8980508088273466, "Train PerCS()": 0.9079470094080208, "_runtime": 1747.0535633563995, "_step": 14, "_wandb": {"runtime": 1746}}