{"_wandb": {"runtime": 924}, "train_loss": 2.1170102546641556, "_timestamp": 1714740365.6539922, "val_loss": 2.0130671852014284, "Val MSELoss()": 2.0130672454833984, "Train MSELoss()": 2.1170098781585693, "Val PerCS()": 0.8517215392978332, "Train PerCS()": 0.8505052107425778, "_runtime": 502.6876862049103, "_step": 0}