{"train_loss": 5.6670032375093015e-05, "_timestamp": 1716996640.5516503, "val_loss": 0.0004936987243127078, "Val MSELoss()": 0.00015480551519431174, "Train MSELoss()": 3.62144892278593e-05, "Val PerCS()": 0.9001892247557336, "Train PerCS()": 0.9254028535604047, "Val MSEeff()": 0.005921008996665478, "Train MSEeff()": 0.0006712837493978441, "Val SSIMMetric()": 0.8989698886871338, "Train SSIMMetric()": 0.9611886143684387, "_runtime": 6374.622135400772, "_step": 56, "_wandb": {"runtime": 6374}}