{"_wandb": {"runtime": 719}, "train_loss": 2.1459832610972116, "_timestamp": 1714738272.2577577, "val_loss": 2.108292106877674, "Val MSELoss()": 2.1082918643951416, "Train MSELoss()": 2.145982503890991, "Val PerCS()": 0.8764478675214761, "Train PerCS()": 0.8473113472444052, "_runtime": 499.5882935523987, "_step": 0}