{"train_loss": 0.9417724425830538, "_timestamp": 1715706076.2213771, "val_loss": 2.063801962275838, "Val MSELoss()": 1.8344213962554932, "Train MSELoss()": 0.8961507081985474, "Val PerCS()": 0.8884358904202431, "Train PerCS()": 0.9100902293064219, "_runtime": 2008.0720300674438, "_step": 18, "_wandb": {"runtime": 2007}}