{"train_loss": 0.2788457241323259, "_timestamp": 1716471623.7451708, "val_loss": 1.6105459672073985, "Val MSELoss()": 1.6105459928512573, "Train MSELoss()": 0.2788456678390503, "Val PerCS()": 0.908254359383652, "Train PerCS()": 0.9416260073184364, "Val MSEeff()": 11.087806701660156, "Train MSEeff()": 1.8467416763305664, "_runtime": 7506.587153911591, "_step": 70, "_wandb": {"runtime": 7506}}