{"train_loss": 0.3825146824594528, "_timestamp": 1715701179.0879676, "val_loss": 1.77665575576383, "Val MSELoss()": 1.593939185142517, "Train MSELoss()": 0.37089934945106506, "Val PerCS()": 0.9070192817921741, "Train PerCS()": 0.9342032342450878, "_runtime": 5715.08371257782, "_step": 53, "_wandb": {"runtime": 5714}}