{"train_loss": 0.9324974283339486, "_timestamp": 1716509813.355123, "val_loss": 5.268641153047251, "Val MSELoss()": 1.700890302658081, "Train MSELoss()": 0.5480070114135742, "Val PerCS()": 0.8893264088959832, "Train PerCS()": 0.9140999176725086, "Val MSEeff()": 10.599361419677734, "Train MSEeff()": 3.3525989055633545, "_runtime": 6853.612646102905, "_step": 63, "_wandb": {"runtime": 6853}}