{"train_loss": 11.579304564945282, "_timestamp": 1716460709.7993653, "val_loss": 31.748275468515796, "Val MSELoss()": 31.748273849487305, "Train MSELoss()": 11.579310417175293, "Val PerCS()": 0.9026765031275956, "Train PerCS()": 0.9229490219120053, "Val MSEeff()": 217.08120727539062, "Train MSEeff()": 78.2589340209961, "_runtime": 3804.231427192688, "_step": 35, "_wandb": {"runtime": 3803}}