{"train_loss": 0.44762837943576633, "_timestamp": 1715720315.6484861, "val_loss": 1.8736609372981758, "Val MSELoss()": 1.6942875385284424, "Train MSELoss()": 0.4335249662399292, "Val PerCS()": 0.8934744563477648, "Train PerCS()": 0.9298070298721344, "_runtime": 6823.02904009819, "_step": 64, "_wandb": {"runtime": 6891}}