{"_wandb": {"runtime": 1421}, "train_loss": 2.068163125790754, "_timestamp": 1714687114.053475, "val_loss": 1.9994315385481731, "Val MSELoss()": 1.9994317293167114, "Train MSELoss()": 2.0681614875793457, "Val PerCS()": 0.8509224710437967, "Train PerCS()": 0.8549320707037686, "_runtime": 1421.9756848812103, "_step": 0}