{"train_loss": 4.8252740216123623e-05, "_timestamp": 1717032888.1543846, "val_loss": 0.00015892352505118671, "Val MSELoss()": 0.00015892356168478727, "Train MSELoss()": 4.8252706619678065e-05, "Val PerCS()": 0.8988450994875298, "Train PerCS()": 0.9250620224218158, "Val MSEeff()": 0.0064192600548267365, "Train MSEeff()": 0.0013282481813803315, "Val SSIMMetric()": 0.9067819118499756, "Train SSIMMetric()": 0.9577833414077759, "_runtime": 4657.856822729111, "_step": 54, "_wandb": {"runtime": 4657}}