{"train_loss": 0.45538850142842247, "_timestamp": 1716639521.8591518, "val_loss": 0.933576631684636, "Val MSELoss()": 1.6986991167068481, "Train MSELoss()": 0.8683744072914124, "Val PerCS()": 0.8939604394855689, "Train PerCS()": 0.9113868749901579, "Val MSEeff()": 11.112320899963379, "Train MSEeff()": 5.885133743286133, "_runtime": 2499.274224758148, "_step": 28, "_wandb": {"runtime": 2525}}