{"train_loss": 0.46450185217554607, "_timestamp": 1715764953.7167714, "val_loss": 1.655444177084191, "Val MSELoss()": 1.6554442644119263, "Train MSELoss()": 0.46450182795524597, "Val PerCS()": 0.9016711466336171, "Train PerCS()": 0.9284883383330181, "_runtime": 4150.052548408508, "_step": 39, "_wandb": {"runtime": 4149}}