{"train_loss": 0.001252213815162175, "_timestamp": 1710153204.9919498, "_runtime": 525.4872798919678, "_step": 1, "_wandb": {"runtime": 524}}