{"train_loss": 0.3456287679218111, "_timestamp": 1715040133.828764, "val_loss": 1.6497028206670008, "Val MSELoss()": 1.6497031450271606, "Train MSELoss()": 0.3456287980079651, "Val PerCS()": 0.9010092227297897, "Train PerCS()": 0.9358063628373803, "_runtime": 10628.39141201973, "_step": 61, "_wandb": {"runtime": 10628}}