{"train_loss": 0.0384391811158922, "_timestamp": 1717075462.2241724, "val_loss": 0.08549338925716489, "Val MSELoss()": 0.00018920247384812683, "Train MSELoss()": 0.0001107193311327137, "Val PerCS()": 0.9060547055244095, "Train PerCS()": 0.9269853203144691, "Val MSEeff()": 0.006815906148403883, "Train MSEeff()": 0.0025323140434920788, "Val SSIMMetric()": 0.9145066142082214, "Train SSIMMetric()": 0.9615614414215088, "_runtime": 6006.38841843605, "_step": 66, "_wandb": {"runtime": 6005}}