{"train_loss": 2.3192613356051937e-05, "_timestamp": 1717005863.8375256, "val_loss": 0.00015157178292378546, "Val MSELoss()": 0.00015157171583268791, "Train MSELoss()": 2.3192609660327435e-05, "Val PerCS()": 0.9067067610641029, "Train PerCS()": 0.9452823591820992, "Val MSEeff()": 0.006233127787709236, "Train MSEeff()": 0.000415002868976444, "Val SSIMMetric()": 0.9130428433418274, "Train SSIMMetric()": 0.9760472774505615, "_runtime": 7805.276483535767, "_step": 68, "_wandb": {"runtime": 7804}}