{"train_loss": 0.36306842650685994, "_timestamp": 1715867259.2820137, "val_loss": 1.5950014009032139, "Val MSELoss()": 1.5950015783309937, "Train MSELoss()": 0.36306843161582947, "Val PerCS()": 0.9047054432995338, "Train PerCS()": 0.934707188720396, "_runtime": 5821.763459682465, "_step": 54, "_wandb": {"runtime": 5821}}