{"train_loss": 0.3555761184011187, "_timestamp": 1715075009.6631298, "val_loss": 1.7847384103508883, "Val MSELoss()": 1.611553430557251, "Train MSELoss()": 0.34299466013908386, "Val PerCS()": 0.904260510754083, "Train PerCS()": 0.936175926171973, "_runtime": 6499.168486833572, "_step": 61, "_wandb": {"runtime": 6498}}