{"train_loss": 2.494649288389418, "_timestamp": 1716645333.825619, "val_loss": 9.025775216346563, "Val MSELoss()": 1.6364827156066895, "Train MSELoss()": 0.4819552004337311, "Val PerCS()": 0.9014403440715554, "Train PerCS()": 0.9270785477095932, "Val MSEeff()": 10.940382957458496, "Train MSEeff()": 3.2302191257476807, "_runtime": 5755.3634350299835, "_step": 66, "_wandb": {"runtime": 5754}}