{"train_loss": 0.6816757204040649, "_timestamp": 1715068499.0788174, "val_loss": 1.9259457671365072, "Val MSELoss()": 1.7213712930679321, "Train MSELoss()": 0.6526504755020142, "Val PerCS()": 0.9006868561680975, "Train PerCS()": 0.9198139585695384, "_runtime": 3130.184808254242, "_step": 29, "_wandb": {"runtime": 3170}}