{"train_loss": 0.5589547910387553, "_timestamp": 1715768724.245027, "val_loss": 1.7461309155752494, "Val MSELoss()": 1.746131181716919, "Train MSELoss()": 0.5589549541473389, "Val PerCS()": 0.899051952115633, "Train PerCS()": 0.9237352236178034, "_runtime": 3529.0427470207214, "_step": 33, "_wandb": {"runtime": 3528}}