{"train_loss": 0.327245411040291, "_timestamp": 1716491068.6647658, "val_loss": 1.5692612383254738, "Val MSELoss()": 1.5692611932754517, "Train MSELoss()": 0.3272455036640167, "Val PerCS()": 0.904997664036545, "Train PerCS()": 0.9371828755373675, "Val MSEeff()": 10.513051986694336, "Train MSEeff()": 2.1706719398498535, "_runtime": 7471.173048734665, "_step": 69, "_wandb": {"runtime": 7506}}