{"train_loss": 5.522949100943173, "_timestamp": 1714376362.1855237, "Val MSELoss()": 2.21114182472229, "Val PerCS()": 0.7703618962011295, "_runtime": 238.70593976974487, "_step": 2, "_wandb": {"runtime": 238}}