{"train_loss": 0.5273858792842574, "_timestamp": 1716728198.2242846, "val_loss": 1.6184233205263006, "Val MSELoss()": 1.6184232234954834, "Train MSELoss()": 0.5273857712745667, "Val PerCS()": 0.903583536468427, "Train PerCS()": 0.9249166500796182, "Val MSEeff()": 10.888143539428711, "Train MSEeff()": 3.540262222290039, "_runtime": 3315.386486530304, "_step": 53, "_wandb": {"runtime": 3314}}