{"train_loss": 0.9650038976517935, "_timestamp": 1715105987.0947657, "val_loss": 2.99501808992652, "Val MSELoss()": 1.8614606857299805, "Train MSELoss()": 0.8307724595069885, "Val PerCS()": 0.8918632543936299, "Train PerCS()": 0.9119756481875158, "_runtime": 3418.300938606262, "_step": 30, "_wandb": {"runtime": 3451}}