{"train_loss": 0.24848673797789075, "_timestamp": 1716502102.2658603, "val_loss": 1.5534943584785905, "Val MSELoss()": 1.5534944534301758, "Train MSELoss()": 0.24848677217960358, "Val PerCS()": 0.9072027928101348, "Train PerCS()": 0.9445106927319544, "Val MSEeff()": 10.52523136138916, "Train MSEeff()": 1.6430809497833252, "_runtime": 10658.350447416306, "_step": 99, "_wandb": {"runtime": 10657}}