{"train_loss": 5.1630894299633505e-05, "_timestamp": 1717069120.9353518, "val_loss": 0.00016019382332329812, "Val MSELoss()": 0.00016019385657273233, "Train MSELoss()": 5.1630879170261323e-05, "Val PerCS()": 0.8990758344580564, "Train PerCS()": 0.9220416541182447, "Val MSEeff()": 0.0064512817189097404, "Train MSEeff()": 0.0014353160513564944, "Val SSIMMetric()": 0.9061731696128845, "Train SSIMMetric()": 0.953609049320221, "_runtime": 4799.027500867844, "_step": 53, "_wandb": {"runtime": 4798}}