{"train_loss": 1.3240566291506328, "_timestamp": 1716427259.8261726, "val_loss": 2.0032925508743107, "Val MSELoss()": 2.0032920837402344, "Train MSELoss()": 1.3240567445755005, "Val PerCS()": 0.8866537494736875, "Train PerCS()": 0.8950338573652848, "Val MSEeff()": 13.182032585144043, "Train MSEeff()": 8.968342781066895, "_runtime": 11220.278152704239, "_step": 96, "_wandb": {"runtime": 11219}}