{"train_loss": 1.7061628489108384e-09, "_timestamp": 1712921059.5881925, "val_loss": 1.6105470038415863e-09, "_runtime": 389.9958724975586, "_step": 4, "_wandb": {"runtime": 389}}