{"train_loss": 0.3835496154808721, "_timestamp": 1714395632.3721123, "val_loss": 1.5500181546044904, "Val MSELoss()": 1.550018072128296, "Train MSELoss()": 0.3835495710372925, "Val PerCS()": 0.9072316093346251, "Train PerCS()": 0.9340925023053216, "_runtime": 5795.198859214783, "_step": 49, "_wandb": {"runtime": 5794}}