{"train_loss": 14.67121499083763, "_timestamp": 1711425760.1631167, "_runtime": 24275.55802178383, "_step": 4, "_wandb": {"runtime": 24618}}