{"_wandb": {"runtime": 186}, "train_loss": 175.40044662233382, "_timestamp": 1716453892.599855, "val_loss": 166.05371058264444, "Val MSELoss()": 166.05372619628906, "Train MSELoss()": 175.40042114257812, "Val PerCS()": 0.8718083502402297, "Train PerCS()": 0.856660124263826, "Val MSEeff()": 1129.917724609375, "Train MSEeff()": 1198.986572265625, "_runtime": 111.69762802124023, "_step": 0}