{"train_loss": 1.7387835594915575, "_timestamp": 1714412500.7128372, "val_loss": 1.8334541341120547, "Val MSELoss()": 1.8334543704986572, "Train MSELoss()": 1.7387837171554565, "Val PerCS()": 0.8780558092081531, "Train PerCS()": 0.8830568565479092, "_runtime": 3654.1001031398773, "_step": 24, "_wandb": {"runtime": 3653}}