{"train_loss": 5.366289593191707, "_timestamp": 1714377465.4715066, "val_loss": 7.358436714519154, "Val MSELoss()": 3.4319915771484375, "Train MSELoss()": 2.0695364475250244, "Val PerCS()": 0.5995505857261227, "Train PerCS()": 0.8215637093053368, "_runtime": 235.76936149597168, "_step": 2, "_wandb": {"runtime": 235}}