{"train_loss": 0.6012464012418475, "_timestamp": 1716301330.0906892, "val_loss": 1.69426087445991, "Val MSELoss()": 1.6942611932754517, "Train MSELoss()": 0.6012465953826904, "Val PerCS()": 0.9003727132431826, "Train PerCS()": 0.9215159982540476, "_runtime": 3189.4338541030884, "_step": 38, "_wandb": {"runtime": 3187}}