{"train_loss": 4.197948431875187e-05, "_timestamp": 1716989815.3061907, "val_loss": 0.0001533535799163199, "Val MSELoss()": 0.0001533535833004862, "Train MSELoss()": 4.19794705521781e-05, "Val PerCS()": 0.901709493564565, "Train PerCS()": 0.9289519963801491, "Val MSEeff()": 0.006145828869193792, "Train MSEeff()": 0.001081025693565607, "Val SSIMMetric()": 0.9075025320053101, "Train SSIMMetric()": 0.9611431956291199, "_runtime": 4391.895962715149, "_step": 38, "_wandb": {"runtime": 4391}}