{"train_loss": 1.554048942762708, "_timestamp": 1715673132.5642076, "val_loss": 2.0505878370861677, "Val MSELoss()": 1.8376144170761108, "Train MSELoss()": 1.4342716932296753, "Val PerCS()": 0.8899456149495897, "Train PerCS()": 0.8898322103725754, "_runtime": 1062.6614475250244, "_step": 9, "_wandb": {"runtime": 1062}}