{"train_loss": 1.0151948584450616, "_timestamp": 1715111780.5919447, "val_loss": 6.503852533739667, "Val MSELoss()": 1.8443458080291748, "Train MSELoss()": 0.5523587465286255, "Val PerCS()": 0.8972779672143204, "Train PerCS()": 0.916525226265275, "_runtime": 5665.5208966732025, "_step": 50, "_wandb": {"runtime": 5680}}