{"train_loss": 0.6219039158215598, "_timestamp": 1715861233.383538, "val_loss": 2.322836644427721, "Val MSELoss()": 1.665048599243164, "Train MSELoss()": 0.5668883919715881, "Val PerCS()": 0.8983940161123802, "Train PerCS()": 0.9228295720053064, "_runtime": 5095.559288978577, "_step": 47, "_wandb": {"runtime": 5189}}