{"train_loss": 0.32539839668879433, "_timestamp": 1715693753.150112, "val_loss": 1.8450959809990817, "Val MSELoss()": 1.646507740020752, "Train MSELoss()": 0.3144509792327881, "Val PerCS()": 0.9053719408972408, "Train PerCS()": 0.9381809241347003, "_runtime": 8240.936805963516, "_step": 77, "_wandb": {"runtime": 8240}}