{"train_loss": 0.827746943994002, "_timestamp": 1714945611.6495895, "val_loss": 1.9993885721672664, "Val MSELoss()": 1.9993888139724731, "Train MSELoss()": 0.8277468681335449, "Val PerCS()": 0.8836707793616972, "Train PerCS()": 0.9124707447185713, "_runtime": 12907.276948451996, "_step": 27, "_wandb": {"runtime": 13008}}