{"train_loss": 2.3096963374723962e-05, "_timestamp": 1716985343.824672, "val_loss": 0.00014914164971424872, "Val MSELoss()": 0.0001491416187491268, "Train MSELoss()": 2.3096963559510186e-05, "Val PerCS()": 0.9072552213109082, "Train PerCS()": 0.9448772358335691, "Val MSEeff()": 0.0060849376022815704, "Train MSEeff()": 0.0004248072800692171, "Val SSIMMetric()": 0.916204035282135, "Train SSIMMetric()": 0.9783052802085876, "_runtime": 7196.360641956329, "_step": 63, "_wandb": {"runtime": 7241}}