{"_wandb": {"runtime": 2135}, "train_loss": 2.1032493011494156, "_timestamp": 1714689300.5474753, "val_loss": 2.2091844873239763, "Val MSELoss()": 2.209183692932129, "Train MSELoss()": 2.1032490730285645, "Val PerCS()": 0.8778973937665354, "Train PerCS()": 0.852511135749289, "_runtime": 1448.9255502223969, "_step": 0}