{"train_loss": 0.23443163389903168, "_timestamp": 1715013542.564731, "val_loss": 1.507113243951354, "Val MSELoss()": 1.5071130990982056, "Train MSELoss()": 0.23443163931369781, "Val PerCS()": 0.9078198134041046, "Train PerCS()": 0.9468467827871211, "_runtime": 17177.737212896347, "_step": 94, "_wandb": {"runtime": 17177}}