{"train_loss": 1.1800057662857903, "_timestamp": 1716304824.5444643, "val_loss": 1.8497555962828702, "Val MSELoss()": 1.8497555255889893, "Train MSELoss()": 1.1800063848495483, "Val PerCS()": 0.8944829220523605, "Train PerCS()": 0.8974023043824015, "_runtime": 1479.7349972724915, "_step": 20, "_wandb": {"runtime": 1479}}