{"train_loss": 1.5386136989744883, "_timestamp": 1715671339.8480647, "val_loss": 2.066903836505358, "Val MSELoss()": 1.831097960472107, "Train MSELoss()": 1.4203846454620361, "Val PerCS()": 0.8799653192339193, "Train PerCS()": 0.890009284602151, "_runtime": 1068.4380836486816, "_step": 9, "_wandb": {"runtime": 1068}}